SITEID,SITENAME_first,STATE_first,IRRADIANCE_TYPE_first,SIZE_KW_DC_first,DAYS,DAYS_ONSITE_ZERO,DAYS_SATELLITE_ZERO,DAYS_RATIO_LOW,DAYS_RATIO_HIGH,DAYS_RATIO_OK,DAYS_WA_PR_HIGH,DAYS_WA_PR_LOW,AVG_RATIO,STD_RATIO,AVG_WA_PR,STD_WA_PR,PCT_ONSITE_ZERO,PCT_WA_PR_HIGH,RECOMMENDATION
SP-325,Midtown-Indi AZ,AZ,1.0,552.6,90,58,1,59,0,1,88,0,0.02419570843859188,0.11406361316135674,223.0405517344404,177.4196469539646,64.4,97.8,"CHECK_SENSOR_CONNECTION, SENSOR_LOW_OUTPUT, USE_SATELLITE_DATA"
SP-382,Scripps 10010  Campus Point,CA,1.0,601.92,90,59,1,58,0,2,85,1,0.035017875824122253,0.16069152116224358,91125.96831455501,219240.85767838752,65.6,94.4,"CHECK_SENSOR_CONNECTION, SENSOR_LOW_OUTPUT, USE_SATELLITE_DATA"
SP-578B,(Pebble) St. James Education Center,CA,2.0,28.0,90,1,1,1,0,43,81,6,0.6240899770658876,0.10343745438515373,2.262745267377747,1.479508580735085,1.1,90.0,USE_SATELLITE_DATA
SP-039,RIC-AMC,NJ,1.0,552.8,90,59,1,59,0,1,73,8,0.026277793955666776,0.14325466718033342,2.322951071318526,2.752648262579099,65.6,81.1,"CHECK_SENSOR_CONNECTION, SENSOR_LOW_OUTPUT, USE_SATELLITE_DATA"
SP-066D,Lakewood - Winterhurst Ice Rink,OH,1.0,241.0,90,60,1,59,0,1,66,8,0.07062772174366855,0.3813145619320997,42896.655394554095,141705.0940853017,66.7,73.3,"CHECK_SENSOR_CONNECTION, SENSOR_LOW_OUTPUT, USE_SATELLITE_DATA"
SP-089,Boulder - 63rd WTP,CO,1.0,719.28,90,59,1,59,0,1,64,3,0.019920199542841223,0.13139699206312155,1.506076130038633,0.6242130754019236,65.6,71.1,"CHECK_SENSOR_CONNECTION, SENSOR_LOW_OUTPUT, USE_SATELLITE_DATA"
SP-010,Douglas Todd,MN,1.0,1440.72,90,59,1,58,0,3,63,13,0.046664088907503544,0.208268363617008,3986.30828166155,5443.458143552292,65.6,70.0,"CHECK_SENSOR_CONNECTION, SENSOR_LOW_OUTPUT, USE_SATELLITE_DATA"
SP-508,(Pebble) Yucca Mesa ES,CA,2.0,126.0,90,1,1,0,0,61,62,1,0.9516366219272531,0.06712250851380212,1.183069807828512,0.28889735447004466,1.1,68.9,USE_SATELLITE_DATA
SP-503,(Pebble) Onaga ES,CA,2.0,275.0,90,1,1,0,0,60,61,0,0.8513955030562259,0.053743620677988456,1.211767709311126,0.30895498167863095,1.1,67.8,USE_SATELLITE_DATA
SP-509,(Pebble) Yucca Valley ES,CA,2.0,198.0,90,1,1,0,0,60,60,29,0.9048670203018797,0.10497041711961605,1.9787003602891065,10.406067421596312,1.1,66.7,USE_SATELLITE_DATA
SP-558,(Pebble) KPUB - Jack Furman Site,TX,2.0,1840.0,90,1,1,0,0,33,60,0,0.542705988463336,0.09628812896220951,1.4619769529183058,0.5684176326456175,1.1,66.7,USE_SATELLITE_DATA
SP-478,(Pebble) Troup Pine Mountain,GA,2.0,995.0,90,1,1,0,0,49,60,1,0.6052985917511265,0.19977620518410494,1.5909378752733156,0.5868029614389585,1.1,66.7,USE_SATELLITE_DATA
SP-069,146 Duchaine,MA,1.0,234.84,90,59,1,58,0,1,60,11,0.018724219657802948,0.08641090445666548,12693.721180224993,41229.96245676732,65.6,66.7,"CHECK_SENSOR_CONNECTION, SENSOR_LOW_OUTPUT, USE_SATELLITE_DATA"
SP-570C,(Pebble) SS Admin Complex,AZ,2.0,310.0,90,1,1,0,0,60,59,0,0.9442821049247323,0.1109891163804487,1.17028529112163,0.5346024500349412,1.1,65.6,USE_SATELLITE_DATA
SP-154,St. Augustine Parish,VA,1.0,304.85,90,58,1,58,0,1,59,1,0.025903933559675567,0.13251098582680698,2530.799370275467,5201.273348744749,64.4,65.6,"CHECK_SENSOR_CONNECTION, SENSOR_LOW_OUTPUT, USE_SATELLITE_DATA"
SP-277,LL 4901 Bandini,CA,1.0,948.24,90,59,1,58,0,1,59,1,0.02109508932585944,0.11297785540223071,1.2941769930308262,0.49493983872107594,65.6,65.6,"CHECK_SENSOR_CONNECTION, SENSOR_LOW_OUTPUT, USE_SATELLITE_DATA"
SP-055B,UMD - Shady Grove Garage,MD,1.0,264.18,90,58,1,58,0,2,58,4,0.03685321482469466,0.1614004844492332,4055.875829723362,10334.250999441585,64.4,64.4,"CHECK_SENSOR_CONNECTION, SENSOR_LOW_OUTPUT, USE_SATELLITE_DATA"
SP-368,Amazon LAS7,NV,1.0,1198.8,90,59,1,58,0,2,58,0,0.024853401976636665,0.11476559123608143,1.1519334672214885,0.3216343177829382,65.6,64.4,"CHECK_SENSOR_CONNECTION, SENSOR_LOW_OUTPUT, USE_SATELLITE_DATA"
SP-003,Stearns,MN,1.0,1440.72,90,59,1,58,0,2,58,15,0.0726108214875377,0.3600802489817881,6539.488213549491,12205.560475825807,65.6,64.4,"CHECK_SENSOR_CONNECTION, SENSOR_LOW_OUTPUT, USE_SATELLITE_DATA"
SP-085D,KSU-Geauga,OH,1.0,322.3,90,59,1,58,0,1,58,20,0.06899142911121577,0.3743852091462852,41420.60586555401,89420.22679450877,65.6,64.4,"CHECK_SENSOR_CONNECTION, SENSOR_LOW_OUTPUT, USE_SATELLITE_DATA"
SP-037B,Greenwood High School,PA,1.0,564.06,90,59,1,58,0,2,57,7,0.03344541786713143,0.15740770125251405,13655.132571916824,18415.868842362772,65.6,63.3,"CHECK_SENSOR_CONNECTION, SENSOR_LOW_OUTPUT, USE_SATELLITE_DATA"
SP-099,Boulder - Visitors Center,CO,1.0,66.6,90,59,1,59,0,0,56,6,0.01110949888001304,0.05507097206270288,1.370993519745328,1.7274044882120299,65.6,62.2,"CHECK_SENSOR_CONNECTION, SENSOR_LOW_OUTPUT, USE_SATELLITE_DATA"
SP-531E,(Pebble) City of Woodland - Meter 5 (MSC),CA,2.0,132.0,90,1,1,0,0,58,55,2,1.1130530585556588,0.6001095719934568,1.2044103630937817,0.2788086064193461,1.1,61.1,USE_SATELLITE_DATA
SP-384,Scripps 4275 Campus Point,CA,1.0,530.04,90,59,1,58,0,2,55,14,0.0324694730905849,0.16435911850904994,34171.62327711098,57059.24218634597,65.6,61.1,"CHECK_SENSOR_CONNECTION, SENSOR_LOW_OUTPUT, USE_SATELLITE_DATA"
SP-578A,(Pebble) St. James Church,CA,2.0,28.0,90,1,1,0,0,45,54,7,0.6944301562109481,0.16462121530096152,1.4831077357019198,0.7230175908033764,1.1,60.0,USE_SATELLITE_DATA
SP-097,Boulder - Iris Center,CO,1.0,39.96,90,59,1,58,0,2,53,8,0.035891192908506515,0.17813483532729837,1.2456059186586719,0.6218396278495685,65.6,58.9,"CHECK_SENSOR_CONNECTION, SENSOR_LOW_OUTPUT, USE_SATELLITE_DATA"
SP-475,"(Pebble) Evans County, GA",GA,2.0,494.46,90,1,1,0,0,61,53,0,1.061124376970816,0.15465558976061655,1.1964052283695674,0.2039075385482402,1.1,58.9,USE_SATELLITE_DATA
SP-552,(Pebble) Hammer,MN,2.0,6430.0,90,2,1,3,0,55,52,21,0.8714327177997869,0.28718161112541696,2.3450476425917057,9.847748876911533,2.2,57.8,USE_SATELLITE_DATA
SP-146,300 Pleasant,MA,1.0,480.6,90,59,1,58,0,3,51,22,0.045058969462035484,0.2003053321899915,8.866572674691708,21.91567873579207,65.6,56.7,"CHECK_SENSOR_CONNECTION, SENSOR_LOW_OUTPUT, USE_SATELLITE_DATA"
SP-531C,(Pebble) City of Woodland - Meter 3 (Community Center),CA,2.0,511.0,90,1,1,0,0,59,51,3,0.9832835350590616,0.37044642183990995,1.1613403915092235,0.28548831058144486,1.1,56.7,USE_SATELLITE_DATA
SP-570B,(Pebble) SS Drexel,AZ,2.0,270.0,90,1,1,0,0,59,49,0,0.9440432088664521,0.11284392496880336,1.1608479661729985,0.5697886465981601,1.1,54.4,USE_SATELLITE_DATA
SP-005,Nicollet,MN,1.0,1440.72,90,59,1,58,0,1,49,11,0.06871068332792873,0.3996400376585566,32.30859712038104,272.8168932042836,65.6,54.4,"CHECK_SENSOR_CONNECTION, SENSOR_LOW_OUTPUT, USE_SATELLITE_DATA"
SP-553,(Pebble) Monticello,MN,2.0,6772.0,90,1,1,0,0,61,49,20,0.932297789888031,0.24325289627678623,1.1190275823683058,0.6105247186352211,1.1,54.4,USE_SATELLITE_DATA
SP-075,40 Communications,MA,1.0,338.2,90,59,1,58,0,1,48,19,0.02610766196387565,0.12303277706022633,86813.09446604316,223983.0329848189,65.6,53.3,"CHECK_SENSOR_CONNECTION, SENSOR_LOW_OUTPUT, USE_SATELLITE_DATA"
SP-046,1 Huntington,MA,1.0,63.08,90,46,1,46,0,3,48,24,0.07648501293306242,0.32732884372557675,704.5144459256705,1163.1252162306369,51.1,53.3,"CHECK_SENSOR_CONNECTION, SENSOR_LOW_OUTPUT, USE_SATELLITE_DATA"
SP-096,Boulder - Fire 8 FTC,CO,1.0,146.52,90,0,1,0,0,2,47,3,0.831899369273625,0.018544621221968476,1.1505303401677958,0.23620647044503956,0.0,52.2,USE_SATELLITE_DATA
SP-532,(Pebble) Lassen,CA,2.0,9309.0,90,1,1,0,0,60,47,13,0.9631992239704773,0.2534184551103197,1.2119526493009367,0.578670721703271,1.1,52.2,USE_SATELLITE_DATA
SP-224,Gretna High School,VA,1.0,429.4,90,59,1,58,0,1,47,7,0.053623640334103016,0.35268121900660193,107072.9563069475,245205.61328142317,65.6,52.2,"CHECK_SENSOR_CONNECTION, SENSOR_LOW_OUTPUT, USE_SATELLITE_DATA"
SP-035,Hinterland,MN,1.0,1485.81,90,59,1,58,0,3,46,12,0.055727115713796904,0.2489743955636347,7681.761420741777,21741.51393902401,65.6,51.1,"CHECK_SENSOR_CONNECTION, SENSOR_LOW_OUTPUT, USE_SATELLITE_DATA"
SP-544,(Pebble) Hauer Solar,MN,2.0,6390.0,90,1,1,0,0,60,45,19,1.3315741670585115,0.3017567002316121,0.9906054367453917,0.47876671664841913,1.1,50.0,USE_SATELLITE_DATA
SP-092,Boulder - 1500 Pearl,CO,1.0,259.74,90,59,1,58,0,3,45,10,0.04694216329920441,0.20979879549487152,0.9800450983729547,0.3858386282559308,65.6,50.0,"CHECK_SENSOR_CONNECTION, SENSOR_LOW_OUTPUT, USE_SATELLITE_DATA"
SP-083,Warwick,RI,1.0,812.7,90,59,1,58,0,2,45,13,0.08809286447325285,0.4066778863405016,59386.64463390869,94467.3504221308,65.6,50.0,"CHECK_SENSOR_CONNECTION, SENSOR_LOW_OUTPUT, USE_SATELLITE_DATA"
SP-570D,(Pebble) SS Craycroft,AZ,2.0,253.0,90,1,1,2,0,59,44,1,0.9275899090896597,0.15089057592564886,1.1808113868020937,0.8271813388831871,1.1,48.9,USE_SATELLITE_DATA
SP-409B,ChemGlass NJ - Building 2,NJ,1.0,289.44,90,12,1,12,0,2,44,26,0.1689406994775787,0.4981248889910006,0.8998218623563802,0.5506341512886939,13.3,48.9,"SENSOR_LOW_OUTPUT, USE_SATELLITE_DATA"
SP-238,10010 Shops Way,MA,1.0,313.65,90,59,1,58,0,1,43,31,0.015624728937853768,0.09527645210425166,21323.365503451667,92041.71723400697,65.6,47.8,"CHECK_SENSOR_CONNECTION, SENSOR_LOW_OUTPUT, USE_SATELLITE_DATA"
SP-253,989 Freemans Way,MA,1.0,2473.9,90,16,1,16,0,3,43,20,0.1914972866557986,0.4494213792682965,868.4225566083177,5808.487817061581,17.8,47.8,"SENSOR_LOW_OUTPUT, USE_SATELLITE_DATA"
SP-556,(Pebble) Haven Solar,MN,2.0,4180.0,90,1,1,0,0,59,43,18,1.056882923128817,0.21624471405923976,1.0717678791898968,0.5688384350363827,1.1,47.8,USE_SATELLITE_DATA
SP-590,(Pebble) Amazon LGB7,CA,2.0,5888.0,90,2,1,4,0,50,42,9,0.6613615984077857,0.17786961404585716,25.01898954046517,225.88140835086324,2.2,46.7,USE_SATELLITE_DATA
SP-098,Boulder - NBRC,CO,1.0,119.88,90,59,1,58,0,1,42,11,0.013330704041720992,0.10239508066616004,0.9718677953504651,0.40827834905595667,65.6,46.7,"CHECK_SENSOR_CONNECTION, SENSOR_LOW_OUTPUT, USE_SATELLITE_DATA"
SP-525,"(Pebble) Home Depot - Cape May, NJ - (Store #943)",NJ,2.0,448.0,90,1,1,0,0,57,41,11,0.7717939864657207,0.19961302181397075,1.0426544185020636,0.47934996524642215,1.1,45.6,USE_SATELLITE_DATA
SP-021,0 Pine Bluff,MA,1.0,249.28,90,57,1,56,0,3,41,16,0.05180404452163858,0.23946674644582885,47819.16653922762,198693.96872520252,63.3,45.6,"CHECK_SENSOR_CONNECTION, SENSOR_LOW_OUTPUT, USE_SATELLITE_DATA"
SP-563F,(Pebble) City of San Joaquin - WEST CHERRY LN,CA,2.0,111.0,90,0,1,0,0,60,40,7,1.4439369190647537,0.20624548415588664,1.084738297486321,0.30211785488960224,0.0,44.4,USE_SATELLITE_DATA
SP-026,Carey,OH,1.0,1117.2,90,59,1,59,0,1,40,7,0.014035028087860477,0.101507786519792,1.1035151857265506,0.4948267436415228,65.6,44.4,"CHECK_SENSOR_CONNECTION, SENSOR_LOW_OUTPUT, USE_SATELLITE_DATA"
SP-506,(Pebble) Twenty Nine Palms HS,CA,2.0,379.0,90,1,1,1,0,59,39,0,0.8439199257941172,0.12923217052355657,1.1308741978052683,0.6320584076878845,1.1,43.3,USE_SATELLITE_DATA
SP-482D,(Pebble) SUNY Selkirk Solar SE/1,NY,2.0,2599.0,90,1,1,0,0,59,38,9,1.151784834053379,0.34298292428439675,1.0824817559917166,0.39196436664799084,1.1,42.2,USE_SATELLITE_DATA
SP-373,Genesis - NIPSCO,IN,1.0,324.36,90,59,1,58,0,2,36,21,0.07107143598035068,0.36028547844991315,0.9677707298801799,0.5500124602231008,65.6,40.0,"CHECK_SENSOR_CONNECTION, SENSOR_LOW_OUTPUT, USE_SATELLITE_DATA"
SP-437,Interstate 260,MD,2.0,711.7,90,2,1,3,0,46,36,45,1.0231573445672506,0.36159127216930326,1.2102361394089947,1.5868181487480384,2.2,40.0,USE_SATELLITE_DATA
SP-122,Pastoral Center,VA,1.0,244.0,90,59,1,59,0,0,36,5,0.010703603804390678,0.06312208614102247,116145.25768718774,269307.73358999053,65.6,40.0,"CHECK_SENSOR_CONNECTION, SENSOR_LOW_OUTPUT, USE_SATELLITE_DATA"
SP-080D,Fairfield - Jr. High School,TX,1.0,79.2,90,59,1,58,0,1,34,8,0.018223950387921312,0.10776500486838728,1.0772646861671125,0.5671643303025831,65.6,37.8,"CHECK_SENSOR_CONNECTION, SENSOR_LOW_OUTPUT, USE_SATELLITE_DATA"
SP-117,Hartland,ME,1.0,5839.68,90,58,1,59,0,2,34,26,0.02700105086579695,0.13595637736497992,2.0279114415115944,9.226173582746295,64.4,37.8,"CHECK_SENSOR_CONNECTION, SENSOR_LOW_OUTPUT, USE_SATELLITE_DATA"
SP-111F,Lord Phillips - Building F,MA,1.0,160.9,90,58,1,58,0,2,34,40,0.034562752979261924,0.16833122574584686,49.072284692222865,94.02232346311125,64.4,37.8,"CHECK_SENSOR_CONNECTION, SENSOR_LOW_OUTPUT, USE_SATELLITE_DATA"
SP-053,PF-Chicago 2,IL,1.0,1396.6,90,59,1,58,0,2,34,6,0.0779631263434839,0.42055384303813786,1.0527945658806468,0.3562705313605748,65.6,37.8,"CHECK_SENSOR_CONNECTION, SENSOR_LOW_OUTPUT, USE_SATELLITE_DATA"
SP-055D,UMD - Building IV (BSE),MD,1.0,59.94,90,59,1,58,0,2,33,22,0.0274435580413348,0.12402302982882846,0.8404796053048902,0.5405957376019541,65.6,36.7,"CHECK_SENSOR_CONNECTION, SENSOR_LOW_OUTPUT, USE_SATELLITE_DATA"
SP-084B,Cleveland Heights - Community Center,OH,1.0,518.24,90,59,1,58,0,0,32,31,0.08870367457645431,0.6370188211242255,0.9001453681806162,0.668258125723689,65.6,35.6,"CHECK_SENSOR_CONNECTION, SENSOR_LOW_OUTPUT, USE_SATELLITE_DATA"
SP-543,(Pebble) Menke Solar,MN,2.0,4211.0,90,1,1,0,0,61,32,15,1.319523499169996,0.3120907862007127,0.985595206779555,0.46842927714975774,1.1,35.6,USE_SATELLITE_DATA
SP-584,(Pebble) Armijo HS,CA,2.0,580.0,90,1,1,0,0,58,32,4,0.7404918130479317,0.1378583516381332,1.105202300673786,0.4486663656087765,1.1,35.6,USE_SATELLITE_DATA
SP-482C,(Pebble) SUNY Selkirk Solar NW/4,NY,2.0,2599.0,90,1,1,0,0,59,32,10,1.185352222738563,0.48800832398515576,1.0009212260192832,0.3588648417179456,1.1,35.6,USE_SATELLITE_DATA
SP-482A,(Pebble) SUNY Selkirk Solar Center/3,NY,2.0,2598.96,90,1,1,0,0,60,31,11,1.1796783509274587,0.458701507854888,0.9839019537241307,0.3812650055548153,1.1,34.4,USE_SATELLITE_DATA
SP-554,(Pebble) Tiller,MN,2.0,6318.0,90,2,1,1,0,35,31,54,0.9361437066283906,0.2783503866807044,0.7443793969964495,2.164447976187641,2.2,34.4,USE_SATELLITE_DATA
SP-064,Church of Nativity,VA,1.0,75.6,90,59,1,58,0,2,31,23,0.05185270000135517,0.25536315342785565,0.8258258177666616,0.5513205404783588,65.6,34.4,"CHECK_SENSOR_CONNECTION, SENSOR_LOW_OUTPUT, USE_SATELLITE_DATA"
SP-152,Medin,MN,1.0,1477.0,90,59,1,58,0,2,30,26,0.04541960833119938,0.2399238754650212,2012.041681182968,9152.86270990946,65.6,33.3,"CHECK_SENSOR_CONNECTION, SENSOR_LOW_OUTPUT, USE_SATELLITE_DATA"
SP-482B,(Pebble) SUNY Selkirk Solar NE/2,NY,2.0,2608.0,90,1,1,0,0,61,29,11,1.127728200907507,0.31928642281437014,0.990019892709917,0.4262913290488595,1.1,32.2,USE_SATELLITE_DATA
SP-078B,Ferris 1 - Jr. High School,TX,1.0,93.06,90,59,1,58,0,1,29,53,0.016788472762206807,0.1289078764962457,90292.56445685861,185063.98889649555,65.6,32.2,"CHECK_SENSOR_CONNECTION, SENSOR_LOW_OUTPUT, USE_SATELLITE_DATA"
SP-355,GP - Swainsboro Prison,GA,1.0,998.0,90,37,1,37,0,1,29,22,0.03420003756498811,0.15046414956704354,2791.9535142710133,7479.194493005649,41.1,32.2,"INTERMITTENT_SENSOR, SENSOR_LOW_OUTPUT, USE_SATELLITE_DATA"
SP-594B,(Pebble) DG IL CS - Galesburg 2,IL,2.0,2984.0,90,1,1,0,0,51,29,7,1.2826438823237245,0.5192130368153935,1.0627008385184906,0.38434768836318245,1.1,32.2,USE_SATELLITE_DATA
SP-408,1200 Independence,MD,2.0,1387.36,90,1,1,0,0,55,29,28,0.9310412145685526,0.28555376496097407,0.8285705706858145,0.5993193960065221,1.1,32.2,USE_SATELLITE_DATA
SP-302,Laurel Creek,NJ,1.0,515.7,90,59,1,59,0,1,28,22,0.021826920897163458,0.11161280712442607,70822.3287105692,155355.50231677474,65.6,31.1,"CHECK_SENSOR_CONNECTION, SENSOR_LOW_OUTPUT, USE_SATELLITE_DATA"
SP-594A,(Pebble) DG IL CS - Galesburg 1,IL,2.0,2984.0,90,3,1,2,0,49,28,7,1.218030057082324,0.5489958531664513,1615.2449358763297,12186.824580728151,3.3,31.1,USE_SATELLITE_DATA
SP-427,Lime Bluff I,PA,2.0,3540.0,90,1,1,0,0,53,28,4,1.3975517676064775,0.4628549051659153,1.1862762188188218,0.6173628104019074,1.1,31.1,USE_SATELLITE_DATA
SP-275,Meridian HS,VA,1.0,441.72,90,60,1,59,0,1,28,19,0.02498931761547153,0.1474226258712036,0.9395773954204042,0.8422268558871477,66.7,31.1,"CHECK_SENSOR_CONNECTION, SENSOR_LOW_OUTPUT, USE_SATELLITE_DATA"
SP-111A,Lord Phillips - Building A,MA,1.0,160.6,90,58,1,58,0,3,27,41,0.09004982201831789,0.2505336717578696,7.168958753209501,20.4257792542425,64.4,30.0,"CHECK_SENSOR_CONNECTION, SENSOR_LOW_OUTPUT"
SP-278,Linwood - Seaview,NJ,1.0,529.2,90,59,1,58,0,0,27,29,0.008173780698720165,0.0627840008579849,0.801599236421394,0.48117663858507703,65.6,30.0,"CHECK_SENSOR_CONNECTION, SENSOR_LOW_OUTPUT"
SP-288,Yeshiva,NJ,1.0,819.69,90,59,1,58,0,1,27,28,0.015562636953106968,0.09410264878700525,0.9232061606656952,0.8599557575886939,65.6,30.0,"CHECK_SENSOR_CONNECTION, SENSOR_LOW_OUTPUT"
SP-550,(Pebble) Devine Johnson,MN,2.0,6630.0,90,1,1,0,0,57,26,22,1.4040529829917632,0.31205528727207316,0.9176884950245581,0.45515465253137893,1.1,28.9,MONITOR
SP-055C,UMD - Building I,MD,2.0,35.52,90,1,1,0,0,60,25,10,0.9150823013546331,0.21368242614642888,0.9743942207546059,0.42549882463440813,1.1,27.8,MONITOR
SP-540,(Pebble) KMT Solar,NJ,2.0,2500.0,90,1,1,1,0,54,25,25,1.2143870868726379,0.42221514358071816,0.8315131906529603,0.5021663598870844,1.1,27.8,MONITOR
SP-272,Naugatuck-Daycare,CT,1.0,27.36,90,59,1,59,0,1,25,37,0.044958902984276676,0.2713278517209224,0.7473914620883444,0.6032365680078298,65.6,27.8,"CHECK_SENSOR_CONNECTION, SENSOR_LOW_OUTPUT"
SP-586,(Pebble) Franklin Site,NY,2.0,2060.0,90,1,1,0,0,44,25,56,1.6606945332888465,0.5448643891886508,1.4425910392165928,3.6490311545998324,1.1,27.8,MONITOR
SP-500,(Pebble) Landers ES,CA,2.0,77.0,90,1,1,0,0,60,25,1,0.8576566651381654,0.06890799684407652,1.02908901467082,0.2987760823326043,1.1,27.8,MONITOR
SP-085B,KSU-East Liverpool,OH,1.0,92.8,90,59,1,58,0,2,24,28,0.03477596761181014,0.19858494431118573,95347.02929956377,284984.7441084509,65.6,26.7,"CHECK_SENSOR_CONNECTION, SENSOR_LOW_OUTPUT"
SP-183,Bolden Student Center (Newark),NJ,1.0,20.52,90,59,1,58,0,1,24,36,0.008815642683369401,0.06771423631209188,0.7389914200188415,0.633355044209789,65.6,26.7,"CHECK_SENSOR_CONNECTION, SENSOR_LOW_OUTPUT"
SP-079C,Ferris 2 - Intermediate School,TX,1.0,87.12,90,59,1,58,0,1,24,19,0.014384680171002416,0.11043097192871842,42454.299990116255,100031.84273987496,65.6,26.7,"CHECK_SENSOR_CONNECTION, SENSOR_LOW_OUTPUT"
SP-483A,(Pebble) SUNY Perth Solar North/1,NY,2.0,2608.48,90,1,1,1,0,52,24,31,1.1993839906650747,0.6064854139847607,0.806534506927171,0.49932479306000543,1.1,26.7,MONITOR
SP-133,203 Moonachie,NJ,1.0,496.8,90,59,1,58,0,2,23,45,0.05593036183634134,0.3039679593902518,0.6395884421279463,0.6514021554258367,65.6,25.6,"CHECK_SENSOR_CONNECTION, SENSOR_LOW_OUTPUT"
SP-066B,Lakewood - Maintenance Utilities Garage (M.U.G.),OH,1.0,120.9,90,59,1,58,0,2,23,40,0.06134404130323861,0.30350086224719725,0.682778365705556,0.5508564561162601,65.6,25.6,"CHECK_SENSOR_CONNECTION, SENSOR_LOW_OUTPUT"
SP-036A,Loyalsock Elementary School,PA,1.0,496.91,90,59,1,59,0,1,22,34,0.03372092861768191,0.2424472112774816,0.8175857894400261,0.7467390183415591,65.6,24.4,"CHECK_SENSOR_CONNECTION, SENSOR_LOW_OUTPUT"
SP-085C,KSU-Stark,OH,2.0,260.8,90,1,1,0,0,59,22,28,1.129845095968374,0.3398978935395972,0.8377810094654835,0.5338511583298963,1.1,24.4,MONITOR
SP-589,(Pebble) OPPD - Fort Calhoun,NE,2.0,6984.0,90,1,1,0,0,57,22,1,1.1354323724260722,0.2744538715807484,1.0705810989788396,0.23063245747428748,1.1,24.4,MONITOR
SP-344,Bourne Water District,MA,1.0,649.95,90,40,1,39,0,2,22,35,0.08039058462609894,0.34880365100548816,14.587013851085132,103.7965245262364,44.4,24.4,"INTERMITTENT_SENSOR, SENSOR_LOW_OUTPUT"
SP-136,Broadhead,ME,1.0,6408.92,90,59,1,58,0,2,22,5,0.03489941113317547,0.17312144529793067,1.0481856038808908,0.36073275898882834,65.6,24.4,"CHECK_SENSOR_CONNECTION, SENSOR_LOW_OUTPUT"
SP-056,Bowie State,MD,2.0,1198.8,90,1,1,0,0,60,21,22,0.9180846106157697,0.1395981764641322,0.8060915769412971,0.45045558346097936,1.1,23.3,MONITOR
SP-531B,(Pebble) City of Woodland - Meter 2 (WPCF- Screw Pump),CA,2.0,32.0,90,1,1,0,0,31,21,1,2.077686144151774,0.6771892643151259,1.000428998866169,0.310120950217587,1.1,23.3,SENSOR_HIGH_OUTPUT_OR_WRONG_TYPE
SP-094,Boulder - Fire 5,CO,1.0,17.76,90,59,1,58,0,3,21,17,0.044374880271240945,0.1990002148169805,0.8594361672515484,0.42243016243384524,65.6,23.3,"CHECK_SENSOR_CONNECTION, SENSOR_LOW_OUTPUT"
SP-024,MA 134,MA,1.0,664.0,90,36,1,35,0,3,21,47,0.09909702543072763,0.35840449206870345,4.741065204538082,28.340419231425102,40.0,23.3,"INTERMITTENT_SENSOR, SENSOR_LOW_OUTPUT"
SP-076,128 Singleton,RI,1.0,249.75,90,59,1,58,0,1,21,32,0.020812933272241565,0.12541019814281795,3.796367205016455,18.482039999292695,65.6,23.3,"CHECK_SENSOR_CONNECTION, SENSOR_LOW_OUTPUT"
SP-269,Lincoln RI,RI,1.0,480.69,90,59,1,58,0,1,20,54,0.04502715561110011,0.2847131546494041,7895.049819681524,54388.48672084635,65.6,22.2,"CHECK_SENSOR_CONNECTION, SENSOR_LOW_OUTPUT"
SP-326,LL Allentown 1 PA (Ruppsville),PA,1.0,3519.5,90,59,1,59,0,1,20,45,0.06659079272202693,0.43045575636254907,0.5927066128877345,0.8037762881200375,65.6,22.2,"CHECK_SENSOR_CONNECTION, SENSOR_LOW_OUTPUT"
SP-596,(Pebble) Pierpont Solar,IL,2.0,2853.0,90,1,1,0,0,51,20,0,1.1868615377181835,0.5515781919346191,1.1475226950646435,0.17013196822511953,1.1,22.2,MONITOR
SP-425,Memphis,NY,1.0,7513.98,90,59,1,58,0,1,20,13,0.019499735577694625,0.14962710729768516,12.68045326005076,111.02660040437398,65.6,22.2,"CHECK_SENSOR_CONNECTION, SENSOR_LOW_OUTPUT"
SP-578C,(Pebble) St. James Ministry Building,CA,2.0,28.0,90,1,1,0,0,46,20,8,0.6559345305435826,0.07614341052099544,0.8525145655523271,0.3777435595492979,1.1,22.2,MONITOR
SP-138,Waterboro,ME,1.0,6194.4,90,59,1,58,0,3,19,22,0.043204840516848454,0.1964834136264389,0.8268381201691953,0.46071817395751324,65.6,21.1,"CHECK_SENSOR_CONNECTION, SENSOR_LOW_OUTPUT"
SP-333,Montclair-Primary School,NJ,1.0,168.75,90,8,1,8,0,1,19,42,0.2150603055481409,0.5562978981929527,13.882990722794037,82.548712085815,8.9,21.1,SENSOR_LOW_OUTPUT
SP-513A,(Pebble) UCI Mesa Parking,CA,2.0,1107.0,90,1,1,5,0,70,18,4,0.9436287865710888,0.6181368511145626,1.4863503332620942,1.5805091496656447,1.1,20.0,MONITOR
SP-002,Meeker,MN,1.0,1440.72,90,59,1,58,0,3,18,13,0.06186268040881311,0.2872054849544552,0.9562673825380464,0.38464984486524817,65.6,20.0,"CHECK_SENSOR_CONNECTION, SENSOR_LOW_OUTPUT"
SP-251,14 Shire,MA,1.0,208.56,90,60,1,59,0,2,18,53,0.0479205080291074,0.26037180821037764,13041.115925900607,70233.75799993884,66.7,20.0,"CHECK_SENSOR_CONNECTION, SENSOR_LOW_OUTPUT"
SP-007,Goodhue 2,MN,1.0,1440.72,90,0,1,0,0,0,18,17,,,0.9398820510999949,0.6193286175665648,0.0,20.0,MONITOR
SP-030,Betcher,MN,1.0,1443.75,90,0,1,0,0,1,18,20,1.6239039378920763,1.0775941491059553,0.9587949922790612,0.6780450378609157,0.0,20.0,MONITOR
SP-129,Hazlet,NJ,1.0,422.82,90,59,1,58,0,1,18,42,0.013523777275212485,0.1038781043126205,0.6496042528296943,0.533086067016894,65.6,20.0,"CHECK_SENSOR_CONNECTION, SENSOR_LOW_OUTPUT"
SP-085A,KSU-Ashtabula,OH,1.0,864.0,90,59,1,58,0,0,17,34,0.1212729983077447,0.5445816266891081,42331.742099381,118749.3661930152,65.6,18.9,"CHECK_SENSOR_CONNECTION, SENSOR_LOW_OUTPUT"
SP-150,Cornillie,MN,1.0,1235.0,90,59,1,58,0,1,17,22,0.02304605890838331,0.13525404073669844,1090.5510969723098,6144.250791332601,65.6,18.9,"CHECK_SENSOR_CONNECTION, SENSOR_LOW_OUTPUT"
SP-331,Hollinswood,MD,1.0,949.3,90,59,1,58,0,3,17,23,0.05718618170754303,0.25878036143410155,0.7714545608872875,0.5068479419920008,65.6,18.9,"CHECK_SENSOR_CONNECTION, SENSOR_LOW_OUTPUT"
SP-582,(Pebble) Rodriguez HS,CA,2.0,770.0,90,1,1,0,0,59,17,2,1.006911099309398,0.21353439861622658,0.9766185279812408,0.23322707382823787,1.1,18.9,MONITOR
SP-151,Johnson 1,MN,1.0,1477.0,90,60,1,59,0,1,17,18,0.016567512918150396,0.12697718220054344,2362.4930702827423,19898.146502369345,66.7,18.9,"CHECK_SENSOR_CONNECTION, SENSOR_LOW_OUTPUT"
SP-006,Goodhue 1,MN,1.0,1440.72,90,0,1,0,0,0,17,20,,,0.9094490719397141,0.5890679110476748,0.0,18.9,MONITOR
SP-348,Delaware Valley High School,NJ,1.0,1035.0,90,58,1,58,0,2,16,53,0.033055773919967044,0.1747966018719158,0.5045991480680488,0.6551654194030921,64.4,17.8,"CHECK_SENSOR_CONNECTION, SENSOR_LOW_OUTPUT"
SP-476,(Pebble) Macon State Prison,GA,2.0,995.0,90,1,1,0,0,55,16,15,0.6982829384483465,0.1482871504812134,0.9439737327893651,0.36001126137721096,1.1,17.8,MONITOR
SP-428,Lime Bluff II,PA,2.0,1408.92,90,1,1,0,0,50,16,6,1.4458581804035848,0.47606924474472034,1.0528951786911946,0.708397130539604,1.1,17.8,MONITOR
SP-047,Raboth,MA,1.0,4609.52,90,30,1,30,0,2,15,68,0.18843117974235202,0.7813231223766433,0.3587229850208038,0.637584350175836,33.3,16.7,"INTERMITTENT_SENSOR, SENSOR_LOW_OUTPUT"
SP-012,Dakota,MN,1.0,1440.72,90,0,1,0,0,0,15,22,,,0.8990406100206544,0.5851797325229007,0.0,16.7,MONITOR
SP-332,Cromwell,MD,1.0,2402.4,90,59,1,58,0,2,15,36,0.04823049292218536,0.26213544292883445,0.6663375975312922,0.45599131262492404,65.6,16.7,"CHECK_SENSOR_CONNECTION, SENSOR_LOW_OUTPUT"
SP-015,Preferred Freezer (NJ),NJ,1.0,999.81,90,53,1,52,0,2,15,40,0.04528650507483552,0.21846005157017653,0.5928862249951337,0.48930699886050183,58.9,16.7,"CHECK_SENSOR_CONNECTION, SENSOR_LOW_OUTPUT"
SP-245,700 Binnewater,NY,1.0,1555.26,90,59,1,58,0,2,15,42,0.03571141289437586,0.19712550447898278,0.61897746318785,0.42787464622437665,65.6,16.7,"CHECK_SENSOR_CONNECTION, SENSOR_LOW_OUTPUT"
SP-156,Gibbsboro,NJ,1.0,315.4,90,60,1,59,0,0,15,36,0.014403989513800343,0.075792859913228,1.3401668544306349,6.795906985609637,66.7,16.7,"CHECK_SENSOR_CONNECTION, SENSOR_LOW_OUTPUT"
SP-529,(Pebble) Sisters of St. Joseph,NY,2.0,1000.0,90,1,1,1,0,59,15,37,1.0846950587983306,0.2721190091127562,0.8236060329129531,0.9998741715391242,1.1,16.7,MONITOR
SP-063,St. Anthony of Padua,VA,1.0,427.2,90,59,1,58,0,2,15,22,0.02980273509750093,0.16540810872865863,0.7639289482689403,0.4673849257861225,65.6,16.7,"CHECK_SENSOR_CONNECTION, SENSOR_LOW_OUTPUT"
SP-230,1639 Ocean,MA,1.0,246.24,90,58,1,57,0,0,14,31,0.007990405221118255,0.060853113187946964,0.7051727782132936,0.477161273851253,64.4,15.6,"CHECK_SENSOR_CONNECTION, SENSOR_LOW_OUTPUT"
SP-004,Houston Winona,MN,1.0,1440.72,90,0,1,0,0,0,14,20,,,0.8583683478825488,0.43421111033359894,0.0,15.6,MONITOR
SP-377,LADWP - Penrose,CA,1.0,1087.0,90,3,1,5,0,3,14,7,0.41307513606151836,0.5389193957453497,129.68766979901469,1213.1267504470634,3.3,15.6,SENSOR_LOW_OUTPUT
SP-481A,(Pebble) GE 19th Hole NE/E4,NY,2.0,2630.0,90,1,1,0,0,53,14,33,1.0547818686088104,0.37170047695343716,0.6907435058187766,0.4610347964699102,1.1,15.6,MONITOR
SP-319,GA Power - Bartow Davidson,GA,1.0,3490.34,90,0,1,0,0,1,14,1,0.5691756676557864,,0.9840129218698439,0.19066059902218532,0.0,15.6,MONITOR
SP-265,Woodbridge (Lowes),NJ,2.0,1122.59,90,1,1,1,0,59,14,40,1.0126667148164559,0.23197195731336398,0.5937293235996022,0.5480658756451887,1.1,15.6,MONITOR
SP-314,VT Durham Hall,VA,1.0,130.9,90,59,1,58,0,1,14,21,0.01802244100902267,0.10757233211635482,0.7647577459318758,0.44749898714366626,65.6,15.6,"CHECK_SENSOR_CONNECTION, SENSOR_LOW_OUTPUT"
SP-052,PF-Chicago 1,IL,1.0,986.7,90,55,1,55,0,2,13,15,0.08285355574015779,0.42647512183469916,2.3549666846060453,14.453568426214241,61.1,14.4,"CHECK_SENSOR_CONNECTION, SENSOR_LOW_OUTPUT"
SP-124,St. Therese,VA,1.0,100.8,90,59,1,58,0,2,13,1,0.03773678970315317,0.18896466179910248,0.8883519983855624,0.34279161976559946,65.6,14.4,"CHECK_SENSOR_CONNECTION, SENSOR_LOW_OUTPUT"
SP-299,North Kern 1,CA,1.0,3749.76,90,59,1,58,0,2,13,4,0.06613076367683905,0.3486098309834317,6801.6127255415895,28451.481120211447,65.6,14.4,"CHECK_SENSOR_CONNECTION, SENSOR_LOW_OUTPUT"
SP-334,Montclair-Middle School,NJ,1.0,358.65,90,59,1,58,0,1,13,39,0.023014473594539845,0.1353985601090602,0.6545583823100526,0.438601986126988,65.6,14.4,"CHECK_SENSOR_CONNECTION, SENSOR_LOW_OUTPUT"
SP-337,Wheeler Ridge 2,CA,1.0,7869.4,90,59,1,58,0,2,12,15,0.052671772723005966,0.27014810807377154,4589.808888777461,15329.217696772024,65.6,13.3,"CHECK_SENSOR_CONNECTION, SENSOR_LOW_OUTPUT"
SP-090,Boulder - 75th WTP,CO,1.0,499.5,90,59,1,58,0,0,12,0,0.011256223106849868,0.06131647413817027,1.115021778027154,0.40163309393128416,65.6,13.3,"CHECK_SENSOR_CONNECTION, SENSOR_LOW_OUTPUT"
SP-398,Sabbattus - Dynamic 2023 Portfolio,ME,1.0,1244.16,90,59,1,58,0,1,12,17,0.015581438900082968,0.11968330315304679,0.8872145627459669,0.34923414547928483,65.6,13.3,"CHECK_SENSOR_CONNECTION, SENSOR_LOW_OUTPUT"
SP-120,Church of the Holy Family,VA,1.0,256.0,90,59,1,58,0,1,12,0,0.02589504084473367,0.1320561215361293,1.0267665339635674,0.39649446015513845,65.6,13.3,"CHECK_SENSOR_CONNECTION, SENSOR_LOW_OUTPUT"
SP-280,91 Cove,MA,1.0,630.72,90,59,1,58,0,2,12,19,0.0346799260322015,0.1883391874484044,0.6881960942142917,0.37023246363054885,65.6,13.3,"CHECK_SENSOR_CONNECTION, SENSOR_LOW_OUTPUT"
SP-273,Naugatuck-Recreation Maintenance,CT,1.0,19.2,90,60,1,59,0,1,11,37,0.021434929552280286,0.15492225912412314,0.6930507070294296,0.645168046436144,66.7,12.2,"CHECK_SENSOR_CONNECTION, SENSOR_LOW_OUTPUT"
SP-324,GA Power - Bibb Williams,GA,1.0,3200.82,90,0,1,0,0,0,11,0,0.3777237357664024,0.043257019566156164,0.9246804195070655,0.26361758975169974,0.0,12.2,SENSOR_LOW_OUTPUT
SP-372,First Baptist   Church of Glenarden,MD,1.0,2056.0,90,59,1,58,0,3,11,13,0.05200173779748132,0.25061469330800157,0.9324449131674843,0.35896635275440814,65.6,12.2,"CHECK_SENSOR_CONNECTION, SENSOR_LOW_OUTPUT"
SP-364,MEW Phase II,ME,1.0,534.6,90,0,1,0,0,0,11,30,0.45252853598014886,,0.7122159669421204,0.45317379352605236,0.0,12.2,SENSOR_LOW_OUTPUT
SP-001,Sherburne,MN,1.0,1422.0,90,59,1,58,0,2,11,14,0.04576061265808658,0.21904171061988387,0.9575442987213416,0.36405046020952436,65.6,12.2,"CHECK_SENSOR_CONNECTION, SENSOR_LOW_OUTPUT"
SP-231,Clifton,ME,1.0,6411.38,90,60,1,59,0,1,11,44,0.01672129163743271,0.09008114843925928,0.7767209544958357,1.8260266151060105,66.7,12.2,"CHECK_SENSOR_CONNECTION, SENSOR_LOW_OUTPUT"
SP-044,17 Terry,MA,1.0,262.2,90,59,1,58,0,2,11,61,0.03458333907833521,0.16908713709832637,0.3719411692077141,0.5174950602210879,65.6,12.2,"CHECK_SENSOR_CONNECTION, SENSOR_LOW_OUTPUT"
SP-393A,TD11A - St. James Student Center,NJ,1.0,134.9,90,59,1,58,0,0,10,37,0.004429801875028864,0.03402595383627834,0.550617662915937,0.4704537746012298,65.6,11.1,"CHECK_SENSOR_CONNECTION, SENSOR_LOW_OUTPUT"
SP-321,Tuscan Village,NH,1.0,656.7,90,60,1,59,0,1,10,49,0.021494813844791648,0.11141958743999815,1.5003279048854352,6.947907083407157,66.7,11.1,"CHECK_SENSOR_CONNECTION, SENSOR_LOW_OUTPUT"
SP-329,LL Scranton PA,PA,1.0,1275.2,90,59,1,58,0,1,10,49,0.06298762849745129,0.3640275294391295,0.8828984492506474,3.6861962435190114,65.6,11.1,"CHECK_SENSOR_CONNECTION, SENSOR_LOW_OUTPUT"
SP-095,Boulder - Fire 7,CO,1.0,19.24,90,59,1,58,0,2,10,22,0.03563969747481475,0.1703954319246811,0.8829017753147356,0.4170462537287837,65.6,11.1,"CHECK_SENSOR_CONNECTION, SENSOR_LOW_OUTPUT"
SP-221,Mineral Gap,VA,1.0,3513.72,90,59,1,59,0,0,10,7,0.008802634540062708,0.05672589192146525,1.1285489761333187,0.8099544197403035,65.6,11.1,"CHECK_SENSOR_CONNECTION, SENSOR_LOW_OUTPUT"
SP-363,Madison Electric Works,ME,1.0,4769.82,90,3,1,2,0,1,10,27,0.4301124461234754,0.7153409022989945,0.9755883093827243,2.5361846870958806,3.3,11.1,SENSOR_LOW_OUTPUT
SP-211,Fulton Bank,NJ,1.0,158.4,90,59,1,59,0,2,9,45,0.02677045142855807,0.1309999545356065,0.4890068631043767,0.478135818285686,65.6,10.0,"CHECK_SENSOR_CONNECTION, SENSOR_LOW_OUTPUT"
SP-077,Minster,OH,1.0,6561.0,90,59,1,59,0,1,9,6,0.022605389005426333,0.12422429832924407,0.9276504170524607,0.48357015367087197,65.6,10.0,"CHECK_SENSOR_CONNECTION, SENSOR_LOW_OUTPUT"
SP-158,241 Willard,MA,1.0,696.47,90,59,1,58,0,3,9,74,0.05738349236605776,0.2628893137739549,0.30806997694155797,0.6640752078285377,65.6,10.0,"CHECK_SENSOR_CONNECTION, SENSOR_LOW_OUTPUT"
SP-223,Tunstall High School,VA,1.0,488.8,90,59,1,58,0,1,9,16,0.05283509001806456,0.3200675375863642,0.8147379224079142,0.41749491241632064,65.6,10.0,"CHECK_SENSOR_CONNECTION, SENSOR_LOW_OUTPUT"
SP-103,3215 Merryfield,CA,1.0,415.88,90,59,1,58,0,1,9,0,0.02084263417514302,0.11728430985084934,1.0789168718401665,0.19616635389990253,65.6,10.0,"CHECK_SENSOR_CONNECTION, SENSOR_LOW_OUTPUT"
SP-088,261 Whites Path,MA,1.0,544.03,90,58,1,57,0,1,9,42,0.016182543203090642,0.11585980002061774,0.5434881431236791,0.46193964252944825,64.4,10.0,"CHECK_SENSOR_CONNECTION, SENSOR_LOW_OUTPUT"
SP-116,Unity,ME,1.0,6462.72,90,59,1,58,0,0,9,23,0.006938620254277244,0.05329655346221664,0.7947761959325713,0.4010206650772292,65.6,10.0,"CHECK_SENSOR_CONNECTION, SENSOR_LOW_OUTPUT"
SP-078A,Ferris 1 - High School,TX,1.0,201.24,90,59,1,58,0,1,9,3,0.019666282726408035,0.12607687622013974,0.886525333779383,0.3634391852040597,65.6,10.0,"CHECK_SENSOR_CONNECTION, SENSOR_LOW_OUTPUT"
SP-031,RJC,MN,1.0,1450.63,90,59,1,58,0,1,9,10,0.02158622728217045,0.12322251888689173,0.9096115676151427,0.3339537687159749,65.6,10.0,"CHECK_SENSOR_CONNECTION, SENSOR_LOW_OUTPUT"
SP-091,Boulder - 1100 Spruce,CO,1.0,199.8,90,59,1,58,0,3,9,11,0.040024909960326725,0.17919513159115563,0.902722302850472,0.3359288059577165,65.6,10.0,"CHECK_SENSOR_CONNECTION, SENSOR_LOW_OUTPUT"
SP-022,15 Main St.,MA,1.0,157.08,90,59,1,58,1,1,8,41,0.1417041880538045,0.9760577985664284,0.6453885359921635,0.5213616227313117,65.6,8.9,"CHECK_SENSOR_CONNECTION, SENSOR_LOW_OUTPUT"
SP-050,Stevens,MN,1.0,1458.0,90,59,1,58,0,1,8,13,0.022248673448930157,0.1075512857069547,0.944395177264511,0.3393184139254529,65.6,8.9,"CHECK_SENSOR_CONNECTION, SENSOR_LOW_OUTPUT"
SP-328,LL - Orefield PA,PA,1.0,2568.16,90,55,1,55,0,2,8,69,0.07684181453029292,0.3908682651857214,0.847648253921203,4.967293584034684,61.1,8.9,"CHECK_SENSOR_CONNECTION, SENSOR_LOW_OUTPUT"
SP-121,Our Lady of Lourdes,VA,1.0,109.02,90,59,1,58,0,1,8,11,0.026389500127173997,0.15694334141425673,0.8752905541283357,0.40222212613179414,65.6,8.9,"CHECK_SENSOR_CONNECTION, SENSOR_LOW_OUTPUT"
SP-313,VT Sterrett,VA,1.0,496.1,90,59,1,58,0,1,8,20,0.022910138777688816,0.1295384188795695,0.7708612426205091,0.433500697447474,65.6,8.9,"CHECK_SENSOR_CONNECTION, SENSOR_LOW_OUTPUT"
SP-413,City of Franklin,OH,1.0,765.18,90,59,1,58,0,1,8,14,0.01000183217520252,0.07682553068345223,0.8893407296885393,0.3461875570620408,65.6,8.9,"CHECK_SENSOR_CONNECTION, SENSOR_LOW_OUTPUT"
SP-300,North Kern 2,CA,1.0,3719.5,90,59,1,58,0,2,8,3,0.030918740891232966,0.17313607161148395,11498.27735253264,56010.71999831431,65.6,8.9,"CHECK_SENSOR_CONNECTION, SENSOR_LOW_OUTPUT"
SP-157,Immaculata,NJ,1.0,578.57,90,59,1,59,0,0,8,44,0.00783239483450327,0.04847273331935708,0.5182139096622969,0.5467036040344921,65.6,8.9,"CHECK_SENSOR_CONNECTION, SENSOR_LOW_OUTPUT"
SP-109,Dean Cumberland,RI,1.0,447.2,90,59,1,58,0,2,8,39,0.07472642622120917,0.3726668879018123,1.4911463884523422,5.622177058216699,65.6,8.9,"CHECK_SENSOR_CONNECTION, SENSOR_LOW_OUTPUT"
SP-226,Chatham High School,VA,1.0,420.05,90,59,1,58,0,1,8,16,0.06896476652447002,0.3851075696007279,0.9076152277959558,0.6689586258554273,65.6,8.9,"CHECK_SENSOR_CONNECTION, SENSOR_LOW_OUTPUT"
SP-137,Farmington,ME,1.0,6364.26,90,59,1,58,0,2,8,43,0.041185866643544615,0.23984307754913411,0.6234985296490907,0.4297739237521699,65.6,8.9,"CHECK_SENSOR_CONNECTION, SENSOR_LOW_OUTPUT"
SP-213,Greenbriar,NJ,1.0,101.25,90,59,1,58,0,1,8,20,0.025962955684642765,0.12246883045954604,1.115461431634202,2.234325100042793,65.6,8.9,"CHECK_SENSOR_CONNECTION, SENSOR_LOW_OUTPUT"
SP-073,15 Lincoln,MA,1.0,1160.25,90,59,1,58,0,2,8,44,0.025302044343743745,0.14159548025543875,0.5441707324366313,0.45589514927757674,65.6,8.9,"CHECK_SENSOR_CONNECTION, SENSOR_LOW_OUTPUT"
SP-027,180 New Boston,MA,1.0,628.3,90,59,1,58,0,2,8,57,0.10518064762739135,0.5943795666802336,0.39797462324117905,0.4512925336554421,65.6,8.9,"CHECK_SENSOR_CONNECTION, SENSOR_LOW_OUTPUT"
SP-225,Dan River High School,VA,1.0,364.8,90,59,1,58,0,1,8,13,0.0631788661956739,0.3536523679985452,0.8893618171443249,0.413664313283361,65.6,8.9,"CHECK_SENSOR_CONNECTION, SENSOR_LOW_OUTPUT"
SP-345,Christian Cultural Center,NY,1.0,260.0,90,59,1,58,0,1,7,35,0.026555965344010155,0.1569091355185516,196.8956331287543,1659.0288382433941,65.6,7.8,"CHECK_SENSOR_CONNECTION, SENSOR_LOW_OUTPUT"
SP-295,Dan River Middle School (Pitts Phase 2),VA,1.0,613.8,90,8,1,9,0,0,7,13,0.2573083749583774,0.7251671848308663,1.071381918869722,2.019398620060019,8.9,7.8,SENSOR_LOW_OUTPUT
SP-320,GA Power - Lowndes Cowart,GA,1.0,4019.08,90,0,1,0,0,1,7,0,0.3986572265291848,0.20049215530296174,1.0207785408217158,0.5123293328706477,0.0,7.8,SENSOR_LOW_OUTPUT
SP-271,Naugatuck-Andrew School,CT,1.0,274.1,90,59,1,59,0,2,7,67,0.03732913267950343,0.20506731431794653,0.30801372683948436,0.4351332487555056,65.6,7.8,"CHECK_SENSOR_CONNECTION, SENSOR_LOW_OUTPUT"
SP-123,Sacred Heart,VA,1.0,240.16,90,59,1,59,0,0,7,8,0.06104224691747825,0.4494124099330799,146.27215777772565,934.3808234758887,65.6,7.8,"CHECK_SENSOR_CONNECTION, SENSOR_LOW_OUTPUT"
SP-290,St. Thomas School,NJ,1.0,267.3,90,60,1,59,0,1,7,45,0.01216791951693325,0.08657696224790097,1869.273103664681,17728.801958608135,66.7,7.8,"CHECK_SENSOR_CONNECTION, SENSOR_LOW_OUTPUT"
SP-153,Volk Packaging,ME,1.0,955.2,90,59,1,58,0,2,7,68,0.03161421309266037,0.1721612370322571,0.3181350476160605,0.4999844656647158,65.6,7.8,"CHECK_SENSOR_CONNECTION, SENSOR_LOW_OUTPUT"
SP-037A,Greenwood Elementary School,PA,1.0,389.47,90,42,1,42,0,2,7,15,0.036405436395778826,0.13984363708030095,0.9522869925309392,1.376528032689758,46.7,7.8,"INTERMITTENT_SENSOR, SENSOR_LOW_OUTPUT"
SP-228,Stony Point,NY,1.0,172.8,90,59,1,58,0,0,7,58,0.0,0.0,0.35161847807380775,0.46246702151354313,65.6,7.8,"CHECK_SENSOR_CONNECTION, SENSOR_LOW_OUTPUT"
SP-119,Barefoot,ME,1.0,5470.08,90,59,1,59,0,1,7,29,0.024221794853665726,0.16855175439259568,0.7033021344749251,0.49398825908781213,65.6,7.8,"CHECK_SENSOR_CONNECTION, SENSOR_LOW_OUTPUT"
SP-072,6 Jan Sebastian,MA,1.0,118.56,90,59,1,58,1,0,7,37,0.1375485291556396,0.9966411954541596,0.66813186836284,0.6204314732603585,65.6,7.8,"CHECK_SENSOR_CONNECTION, SENSOR_LOW_OUTPUT"
SP-282,Green Acres,VA,1.0,6886.62,90,14,1,15,0,1,7,2,0.05990662913714807,0.16615780181750714,89.35419073020078,833.2924598854851,15.6,7.8,SENSOR_LOW_OUTPUT
SP-279,Linwood - Belhaven,NJ,1.0,440.1,90,59,1,58,0,2,7,30,0.02784663007328404,0.15218844596674036,5269.27974764805,49704.0429482444,65.6,7.8,"CHECK_SENSOR_CONNECTION, SENSOR_LOW_OUTPUT"
SP-294,Tunstall Middle Road (Pitts Phase 2),VA,1.0,627.0,90,16,1,16,0,1,6,13,0.21528986276547357,0.6647030458793297,0.7296989009650281,0.34228070287671725,17.8,6.7,SENSOR_LOW_OUTPUT
SP-354,GP - Morris Recycling,GA,1.0,499.2,90,0,1,1,0,1,6,0,0.43299937065561694,0.3694526195164994,1.0104371436093675,0.4914268638834042,0.0,6.7,SENSOR_LOW_OUTPUT
SP-311,VT Vet Med,VA,1.0,421.3,90,14,1,14,0,2,6,20,0.11861017611133166,0.3317973752981785,103.9649787076814,973.7982810867628,15.6,6.7,SENSOR_LOW_OUTPUT
SP-100,3013 Science,CA,1.0,224.96,90,59,1,58,0,2,6,2,0.03838951534688872,0.1776356004470184,1.037004868615494,0.22596123791597328,65.6,6.7,"CHECK_SENSOR_CONNECTION, SENSOR_LOW_OUTPUT"
SP-291,St. Thomas Church,NJ,1.0,57.15,90,60,1,59,0,2,6,31,0.021857909252499707,0.115295673188639,221.19961724998126,2080.8210731810354,66.7,6.7,"CHECK_SENSOR_CONNECTION, SENSOR_LOW_OUTPUT"
SP-312,VT McComas Hall,VA,1.0,268.4,90,12,1,12,0,0,6,19,0.003043,0.010541261214864185,0.9447516877450499,2.2267812684949457,13.3,6.7,SENSOR_LOW_OUTPUT
SP-016,15 Aegean,MA,1.0,229.4,90,59,1,59,0,2,6,71,0.02852063551832481,0.1428146975956291,0.27608874561492236,0.6950767240670831,65.6,6.7,"CHECK_SENSOR_CONNECTION, SENSOR_LOW_OUTPUT"
SP-255,Tris Pharma,NJ,1.0,499.54,90,59,1,58,0,1,6,38,0.019008221670570542,0.1043773169656058,370.49074858423984,3489.7542558884657,65.6,6.7,"CHECK_SENSOR_CONNECTION, SENSOR_LOW_OUTPUT"
SP-159,118 Echo,MA,1.0,1185.6,90,58,1,57,0,2,6,57,0.03380075733413635,0.1882503161768259,0.4071962160171872,0.4643118901013113,64.4,6.7,"CHECK_SENSOR_CONNECTION, SENSOR_LOW_OUTPUT"
SP-009,McLeod,MN,1.0,1440.72,90,59,1,58,0,2,6,15,0.07599021909146872,0.39669939735507287,0.8089250746387298,0.32689628314406033,65.6,6.7,"CHECK_SENSOR_CONNECTION, SENSOR_LOW_OUTPUT"
SP-258,Johnson 2,MN,1.0,1510.5,90,59,1,59,0,0,5,17,0.008631655974642462,0.0511201497705307,0.7896609886931354,0.30844287953248317,65.6,5.6,"CHECK_SENSOR_CONNECTION, SENSOR_LOW_OUTPUT"
SP-058B,Litchfield High School,CT,1.0,472.8,90,59,1,58,0,2,5,67,0.026316127096024124,0.14294768186778786,0.3075697095661858,0.40964120029433204,65.6,5.6,"CHECK_SENSOR_CONNECTION, SENSOR_LOW_OUTPUT"
SP-395A,Wheeler Ridge - Triangle,CA,1.0,1108.8,90,59,1,58,0,1,5,4,0.09218106589274297,0.4323365535497822,1.0406752636712342,0.38244294599464884,65.6,5.6,"CHECK_SENSOR_CONNECTION, SENSOR_LOW_OUTPUT"
SP-531A,(Pebble) City of Woodland - Meter 1 (WPCF),CA,2.0,1116.0,90,1,1,0,0,32,5,2,2.008932803651357,0.5888011550148112,0.8260615755189634,0.18459460960025031,1.1,5.6,SENSOR_HIGH_OUTPUT_OR_WRONG_TYPE
SP-125,St. Pius,VA,1.0,323.36,90,3,1,3,0,1,5,0,0.1691681095791428,0.265017426268536,271.0189797921791,2316.210609223073,3.3,5.6,SENSOR_LOW_OUTPUT
SP-361,GP - Withlacoochee A,GA,1.0,998.4,90,59,1,58,0,1,5,0,0.02858790611836453,0.13650037288980296,1218.2421485212951,11482.795831659672,65.6,5.6,"CHECK_SENSOR_CONNECTION, SENSOR_LOW_OUTPUT"
SP-399,North Kern 3,CA,1.0,7660.8,90,59,1,58,0,1,5,5,0.0650328407676732,0.33139087325420946,917.4105955258855,5401.80743508347,65.6,5.6,"CHECK_SENSOR_CONNECTION, SENSOR_LOW_OUTPUT"
SP-274,North Stafford HS,VA,1.0,1779.84,90,60,1,60,0,1,5,20,0.023864614838765494,0.17311771227236447,0.9099890870052466,1.3161223184544895,66.7,5.6,"CHECK_SENSOR_CONNECTION, SENSOR_LOW_OUTPUT"
SP-252,401 South,MA,1.0,1413.72,90,59,1,58,0,2,5,79,0.03684341635483105,0.2284240457963718,0.1518770035870731,0.3559586466952075,65.6,5.6,"CHECK_SENSOR_CONNECTION, SENSOR_LOW_OUTPUT"
SP-396,Kingspan - Dynamic 2023 Portfolio,VA,1.0,1364.45,90,59,1,58,0,2,5,24,0.030563052304377756,0.14726321792052394,0.671379026905121,0.41260390200881486,65.6,5.6,"CHECK_SENSOR_CONNECTION, SENSOR_LOW_OUTPUT"
SP-130,3 Colton,MA,1.0,4621.5,90,49,1,49,0,2,5,38,0.08920896666854397,0.38011842066579843,0.6937845952537386,1.067317273221924,54.4,5.6,"CHECK_SENSOR_CONNECTION, SENSOR_LOW_OUTPUT"
SP-110,Gametime,MA,1.0,326.31,90,45,1,45,0,1,5,61,0.08545155871162713,0.3972233587743483,830.3869447649927,7737.851689991747,50.0,5.6,"INTERMITTENT_SENSOR, SENSOR_LOW_OUTPUT"
SP-297,Chatham Middle School (Pitts Phase 2),VA,1.0,364.1,90,9,1,9,0,1,5,12,0.07860515978625537,0.23894246968978106,1.1333971665034464,3.411897139142811,10.0,5.6,SENSOR_LOW_OUTPUT
SP-571A,(Pebble) St. Gregory the Great Church,CA,2.0,120.0,90,3,1,4,0,3,5,59,0.43401553926446435,0.5350613181592198,14050.068790649653,132151.5905833539,3.3,5.6,SENSOR_LOW_OUTPUT
SP-293,Twin Spring Elementary (Pitts Phase 2),VA,1.0,378.4,90,12,1,12,0,2,5,13,0.20195255191632475,0.4735204371834942,15.978605410066104,143.57098142019908,13.3,5.6,SENSOR_LOW_OUTPUT
SP-033,Huneke 2,MN,1.0,1443.75,90,59,1,59,0,2,5,8,0.04222822554600317,0.2314595980622053,1.0857544688960101,1.1589176834424086,65.6,5.6,"CHECK_SENSOR_CONNECTION, SENSOR_LOW_OUTPUT"
SP-057,357 Hokum,MA,1.0,129.36,90,58,1,57,0,1,5,51,0.03158610272961544,0.14664865808156977,0.5152650311400568,0.7225964603945271,64.4,5.6,"CHECK_SENSOR_CONNECTION, SENSOR_LOW_OUTPUT"
SP-068,27 Maple,MA,1.0,616.5,90,59,1,58,0,3,5,56,0.03974229522650608,0.18099853913738498,0.369569798980525,0.4762871078174326,65.6,5.6,"CHECK_SENSOR_CONNECTION, SENSOR_LOW_OUTPUT"
SP-048,Sobania,MN,1.0,1458.0,90,59,1,58,0,3,4,14,0.03580391060996977,0.1670403306856434,0.8754898856787717,0.31025085128834473,65.6,4.4,"CHECK_SENSOR_CONNECTION, SENSOR_LOW_OUTPUT"
SP-246,5 Berry,MA,1.0,7782.6,90,59,1,58,0,0,4,22,0.003749375379836586,0.028799498755995044,0.7022942830335024,0.3107840696374258,65.6,4.4,"CHECK_SENSOR_CONNECTION, SENSOR_LOW_OUTPUT"
SP-342,Amazon BWI2,MD,1.0,2074.0,90,59,1,58,0,2,4,17,0.03771471464023448,0.20502520916694902,0.9946768542147515,2.0687146964928886,65.6,4.4,"CHECK_SENSOR_CONNECTION, SENSOR_LOW_OUTPUT"
SP-155,Our Lady of Mount Carmel,VA,1.0,258.46,90,60,1,59,0,0,4,1,0.010972282426064303,0.054960874254383174,1.1490189905160964,1.4284488109936018,66.7,4.4,"CHECK_SENSOR_CONNECTION, SENSOR_LOW_OUTPUT"
SP-248,Christian Brothers,RI,1.0,217.13,90,59,1,58,0,2,4,20,0.032706046120479795,0.18575837374761817,0.8267594467469688,0.3993482781685718,65.6,4.4,"CHECK_SENSOR_CONNECTION, SENSOR_LOW_OUTPUT"
SP-036B,Loyalsock High School,PA,1.0,1100.47,90,59,1,58,0,1,4,34,0.01565276310974784,0.09749141326089217,0.6577281713381854,0.44438792248710385,65.6,4.4,"CHECK_SENSOR_CONNECTION, SENSOR_LOW_OUTPUT"
SP-108,0 Middle Rd,MA,1.0,3201.12,90,53,1,53,0,2,4,52,0.024069565003024245,0.11328543519443912,0.4853397828813305,0.5531724822236646,58.9,4.4,"CHECK_SENSOR_CONNECTION, SENSOR_LOW_OUTPUT"
SP-259,Holmdel (Lowes),NJ,1.0,1038.06,90,59,1,58,0,3,4,41,0.042883431684712967,0.19679954780322945,0.5015356318663975,0.47971569174988876,65.6,4.4,"CHECK_SENSOR_CONNECTION, SENSOR_LOW_OUTPUT"
SP-395B,Wheeler Ridge- Spill Basin,CA,1.0,1108.8,90,58,1,58,0,1,4,12,0.05967938060145238,0.3380938440212035,0.8593572495336481,0.4638374726274286,64.4,4.4,"CHECK_SENSOR_CONNECTION, SENSOR_LOW_OUTPUT"
SP-286,Eastern Intermediate HS,NJ,1.0,820.8,90,59,1,59,0,0,4,30,0.0024465697014357433,0.018791708658545528,9742.746979383197,65394.654382993096,65.6,4.4,"CHECK_SENSOR_CONNECTION, SENSOR_LOW_OUTPUT"
SP-093,Boulder - Fire 1,CO,1.0,31.08,90,59,1,58,0,1,4,11,0.02190955275965101,0.11081700191787087,0.9314990744884386,0.5850338372136551,65.6,4.4,"CHECK_SENSOR_CONNECTION, SENSOR_LOW_OUTPUT"
SP-244,Hyundai,CA,1.0,995.4,90,59,1,58,0,2,4,0,0.026923930603896563,0.12435295812886236,0.8728948658793209,0.24035831024338916,65.6,4.4,"CHECK_SENSOR_CONNECTION, SENSOR_LOW_OUTPUT"
SP-383,Scripps 10140  Campus Point,CA,1.0,632.88,90,59,1,58,0,2,4,0,0.03018940781500421,0.1723210994211078,0.7882004665865154,0.15437703022917654,65.6,4.4,"CHECK_SENSOR_CONNECTION, SENSOR_LOW_OUTPUT"
SP-296,Gretna Middle School (Pitts Phase 2),VA,1.0,529.1,90,8,1,8,0,0,4,16,0.30876790906346757,0.8342986606969814,0.7645815706273865,0.5650020370380269,8.9,4.4,SENSOR_LOW_OUTPUT
SP-085E,KSU-Trumbull,OH,1.0,1314.6,90,59,1,58,0,1,4,31,0.07579680426691134,0.4563818899434619,0.7088341703884727,0.44447416467729134,65.6,4.4,"CHECK_SENSOR_CONNECTION, SENSOR_LOW_OUTPUT"
SP-131,99 Guion,MA,1.0,1148.01,90,59,1,58,0,2,4,71,0.036258541354010715,0.2082990444840236,0.2437537120480018,0.42368775786111235,65.6,4.4,"CHECK_SENSOR_CONNECTION, SENSOR_LOW_OUTPUT"
SP-058C,Litchfield Intermediate School,CT,1.0,315.2,90,59,1,58,0,1,3,70,0.05843020592488351,0.303106305995811,0.26527219156615106,0.3600695686996623,65.6,3.3,"CHECK_SENSOR_CONNECTION, SENSOR_LOW_OUTPUT"
SP-362,GP - Withlacoochee B,GA,1.0,998.4,90,59,1,58,0,1,3,0,0.02346834895814169,0.12064516842141786,1.036148498410095,0.3879478226244056,65.6,3.3,"CHECK_SENSOR_CONNECTION, SENSOR_LOW_OUTPUT"
SP-353,GP - Kelly's Corner,GA,1.0,499.2,90,59,1,58,0,1,3,0,0.02974142607145784,0.14346646893961584,0.9217990114839567,0.19235786070574634,65.6,3.3,"CHECK_SENSOR_CONNECTION, SENSOR_LOW_OUTPUT"
SP-062,St. Bernadette,VA,1.0,248.0,90,59,1,58,0,2,3,37,0.03584804612658363,0.1898943356236304,0.6098350309076414,0.42679699812712363,65.6,3.3,"CHECK_SENSOR_CONNECTION, SENSOR_LOW_OUTPUT"
SP-388B,TD04B - Visitation Rectory,NJ,1.0,41.6,90,0,1,0,0,1,3,31,0.3996876287526898,0.24344012256301925,0.5471179741498129,0.46323998191808746,0.0,3.3,SENSOR_LOW_OUTPUT
SP-058A,Litchfield Center School,CT,1.0,141.02,90,59,1,58,0,1,3,56,0.023412442338420065,0.13279709895323766,0.40902583788026375,0.40720867995807997,65.6,3.3,"CHECK_SENSOR_CONNECTION, SENSOR_LOW_OUTPUT"
SP-118,Santa Maria,CA,1.0,1071.0,90,59,1,58,0,2,3,0,0.03512077386902583,0.16131935031170203,0.9607589067680753,0.17298316228452074,65.6,3.3,"CHECK_SENSOR_CONNECTION, SENSOR_LOW_OUTPUT"
SP-034,T. Luhman,MN,1.0,1445.0,90,60,1,59,0,2,3,10,0.03772706386421306,0.2097291669482733,1.0027421143295012,1.1103432206071797,66.7,3.3,"CHECK_SENSOR_CONNECTION, SENSOR_LOW_OUTPUT"
SP-339,Mechanic Falls,ME,1.0,1438.8,90,15,1,15,0,1,3,39,0.08551267416035678,0.22708596222508984,586.3591023228637,5331.407197809028,16.7,3.3,SENSOR_LOW_OUTPUT
SP-082,East Bridgewater (611 Oak St.),MA,1.0,1072.6,90,59,1,58,0,1,3,54,0.025350767382749828,0.1469304714840828,1.273257156836082,7.089535891226304,65.6,3.3,"CHECK_SENSOR_CONNECTION, SENSOR_LOW_OUTPUT"
SP-040,126 MacArthur,MA,1.0,219.37,90,59,1,58,0,2,3,40,0.02382088750293896,0.129362303808237,0.5711184867247738,0.30806324813147984,65.6,3.3,"CHECK_SENSOR_CONNECTION, SENSOR_LOW_OUTPUT"
SP-080A,Fairfield - Elementary School,TX,1.0,102.4,90,59,1,58,0,2,3,2,0.027403456868897266,0.15345326233840273,7722.368524554383,72845.2962217221,65.6,3.3,"CHECK_SENSOR_CONNECTION, SENSOR_LOW_OUTPUT"
SP-281,Northwood School,OH,1.0,296.31,90,59,1,59,0,1,3,12,0.059331360550134264,0.377954090845223,1.0247434925780627,1.3819516420750355,65.6,3.3,"CHECK_SENSOR_CONNECTION, SENSOR_LOW_OUTPUT"
SP-038,Bethany,MA,1.0,677.2,90,59,1,59,0,1,3,55,0.0670965306795758,0.41936785350372696,0.44534362443279824,0.7507098404190341,65.6,3.3,"CHECK_SENSOR_CONNECTION, SENSOR_LOW_OUTPUT"
SP-309,JFW - Aviation 425,CA,1.0,137.34,90,0,1,1,0,1,3,36,0.36733297181303004,0.3369253827753902,0.6742831905102649,0.7822671693440857,0.0,3.3,SENSOR_LOW_OUTPUT
SP-126A,Hammonton - Early Childhood Center,NJ,1.0,232.32,90,59,1,58,0,0,3,4,0.011341889489741222,0.06293688001204731,0.9867956884801254,0.37401240761299925,65.6,3.3,"CHECK_SENSOR_CONNECTION, SENSOR_LOW_OUTPUT"
SP-270,JFW - Skylane,CA,1.0,889.44,90,59,1,58,0,2,3,10,0.02786407301536992,0.12779850829250047,0.9064234542309361,0.2577773345205113,65.6,3.3,"CHECK_SENSOR_CONNECTION, SENSOR_LOW_OUTPUT"
SP-229B,New Rochelle - Office,NY,1.0,104.85,90,56,1,56,0,2,3,47,0.02704156436561429,0.13074887826295756,0.47590378091201774,0.5799566750651549,62.2,3.3,"CHECK_SENSOR_CONNECTION, SENSOR_LOW_OUTPUT"
SP-198,Peshine Ave (Newark),NJ,1.0,130.68,90,59,1,58,0,1,2,0,0.014562449954646606,0.08481849975520339,2.49350595696096,1.2639329334040208,65.6,2.2,"CHECK_SENSOR_CONNECTION, SENSOR_LOW_OUTPUT"
SP-217,Unimetal,CT,1.0,474.72,90,59,1,58,0,2,2,58,0.05672969817336226,0.2809649160672185,0.34693424944964324,0.3950728519818901,65.6,2.2,"CHECK_SENSOR_CONNECTION, SENSOR_LOW_OUTPUT"
SP-236,Mountain Point - Claggett Landing,MD,1.0,2041.2,90,16,1,16,0,1,2,3,0.08602133892317027,0.35458790944193336,1492.5637123065376,11337.630628425644,17.8,2.2,SENSOR_LOW_OUTPUT
SP-380,LADWP - Van Nuys,CA,1.0,445.74,90,59,1,58,0,1,2,0,0.027513088303055586,0.1648747152059313,0.8301580670441441,0.17336771610712928,65.6,2.2,"CHECK_SENSOR_CONNECTION, SENSOR_LOW_OUTPUT"
SP-101,3033 Science,CA,1.0,316.35,90,59,1,58,0,3,2,0,0.030455471757131175,0.13636477353983475,0.8738921278876494,0.12747133654218015,65.6,2.2,"CHECK_SENSOR_CONNECTION, SENSOR_LOW_OUTPUT"
SP-379,LADWP - Sylmar,CA,1.0,865.64,90,59,1,58,0,1,2,14,0.02968123298103771,0.152833467901804,0.7616117873620211,0.2300857223814125,65.6,2.2,"CHECK_SENSOR_CONNECTION, SENSOR_LOW_OUTPUT"
SP-081,Norton (54 Plain St.),MA,1.0,1692.18,90,59,1,59,0,1,2,55,0.014784031124887766,0.09654225747899711,0.45568742841880333,0.5235363469335649,65.6,2.2,"CHECK_SENSOR_CONNECTION, SENSOR_LOW_OUTPUT"
SP-323,Pasadena ArtCenter,CA,1.0,368.55,90,59,1,60,0,0,2,3,0.006218421032276567,0.03379700106755113,0.9435115526687794,0.5725160302518393,65.6,2.2,"CHECK_SENSOR_CONNECTION, SENSOR_LOW_OUTPUT"
SP-141,311 Pleasant St,MA,1.0,142.65,90,59,1,58,1,1,2,50,0.14108817841461327,0.9768544719583666,0.4599663501298008,0.43873176473662545,65.6,2.2,"CHECK_SENSOR_CONNECTION, SENSOR_LOW_OUTPUT"
SP-370,Athelas Institute,MD,1.0,94.5,90,0,1,0,0,0,2,22,0.33863943021034887,0.14099294241109434,0.5806665434607442,0.2183066763580625,0.0,2.2,SENSOR_LOW_OUTPUT
SP-287,Eastern Senior HS,NJ,1.0,989.28,90,59,1,58,0,0,2,25,0.012362950161032794,0.06736892833137882,0.6957384273853315,0.4191596692593964,65.6,2.2,"CHECK_SENSOR_CONNECTION, SENSOR_LOW_OUTPUT"
SP-358,GP - Valdosta Prison,GA,1.0,1500.0,90,0,1,0,0,1,2,0,0.44784423286471026,0.11348829167232834,0.8839937126030093,0.18724680596488938,0.0,2.2,SENSOR_LOW_OUTPUT
SP-190,Hawthorne Ave (Newark),NJ,1.0,144.18,90,59,1,58,0,1,2,0,0.01802761749195268,0.09857854110379968,2.2945555799912505,0.7625180342502588,65.6,2.2,"CHECK_SENSOR_CONNECTION, SENSOR_LOW_OUTPUT"
SP-055A,UMD - Traville Garage,MD,1.0,426.24,90,59,1,58,0,2,2,24,0.026097126358474488,0.12586274171421225,0.7718850064456516,0.5071769246783244,65.6,2.2,"CHECK_SENSOR_CONNECTION, SENSOR_LOW_OUTPUT"
SP-284,Minster 3,OH,1.0,1246.96,90,59,1,58,0,2,2,9,0.06498937116201198,0.3277954825462427,0.6916926672802948,0.18344037844328623,65.6,2.2,"CHECK_SENSOR_CONNECTION, SENSOR_LOW_OUTPUT"
SP-560,(Pebble) KPUB - Mo Ranch Site,TX,2.0,1334.0,90,0,1,0,0,1,2,76,0.4797955912410274,0.16338387702131074,0.19971165521799453,0.36583407821142666,0.0,2.2,SENSOR_LOW_OUTPUT
SP-140,37 Highfield,MA,1.0,179.0,90,59,1,58,0,2,2,50,0.10099902343406066,0.5966498476525972,0.5154102195098142,0.44490680769059066,65.6,2.2,"CHECK_SENSOR_CONNECTION, SENSOR_LOW_OUTPUT"
SP-043,334 Hokum,MA,1.0,100.1,90,58,1,57,0,1,2,52,0.01713200963931617,0.09222102064976674,0.4851771171964032,0.4955635576179508,64.4,2.2,"CHECK_SENSOR_CONNECTION, SENSOR_LOW_OUTPUT"
SP-322,GA Power - Tift Fletcher,GA,1.0,4006.77,90,59,1,58,0,1,2,0,0.017483187002950897,0.0966021447483377,0.9984422865262972,0.19003734554613258,65.6,2.2,"CHECK_SENSOR_CONNECTION, SENSOR_LOW_OUTPUT"
SP-145,HSC - Phoenix,AZ,1.0,278.64,90,59,1,58,0,1,2,0,0.027360953546843477,0.13064786307513074,1.0391070422139357,0.2683962986823256,65.6,2.2,"CHECK_SENSOR_CONNECTION, SENSOR_LOW_OUTPUT"
SP-144,Wapakoneta,OH,1.0,17985.0,90,59,1,58,1,2,2,8,0.13103495957392855,0.8497298044421185,0.9053284576405801,0.2560599975375946,65.6,2.2,"CHECK_SENSOR_CONNECTION, SENSOR_LOW_OUTPUT"
SP-042,349 Hokum,MA,1.0,426.5,90,58,1,57,0,2,1,56,0.04593623592366854,0.2602989128362819,0.4292397300969224,0.5284899649781133,64.4,1.1,"CHECK_SENSOR_CONNECTION, SENSOR_LOW_OUTPUT"
SP-079D,Ferris 2 - McDonald Elementary School,TX,1.0,106.92,90,59,1,58,0,1,1,3,0.008931690531139621,0.06860561674454142,0.6526747354577969,0.12377748682056797,65.6,1.1,"CHECK_SENSOR_CONNECTION, SENSOR_LOW_OUTPUT"
SP-070,150 Enterprise,MA,1.0,138.25,90,57,1,56,0,3,1,37,0.05244136196019675,0.2587565835689402,0.5328582121074004,0.3121920804365805,63.3,1.1,"CHECK_SENSOR_CONNECTION, SENSOR_LOW_OUTPUT"
SP-080B,Fairfield - High School,TX,1.0,173.6,90,59,1,58,0,1,1,6,0.009487890090175158,0.07287786662239361,0.752395244140585,0.1576150273366111,65.6,1.1,"CHECK_SENSOR_CONNECTION, SENSOR_LOW_OUTPUT"
SP-067,Saddle Rowe,MA,1.0,311.9,90,59,1,58,0,2,1,57,0.032157740756951284,0.18104360164184738,0.35740490041699846,0.3483707783417041,65.6,1.1,"CHECK_SENSOR_CONNECTION, SENSOR_LOW_OUTPUT"
SP-079A,Ferris 2 - Administration Building,TX,1.0,42.24,90,59,1,59,0,2,1,2,0.02878323438047755,0.1542879202912699,0.9389045940433369,1.7480015701291962,65.6,1.1,"CHECK_SENSOR_CONNECTION, SENSOR_LOW_OUTPUT"
SP-018A,Morris Hills,NJ,1.0,666.0,90,59,1,59,0,1,1,55,0.054715947792629206,0.30348177497096135,0.3968733809171046,0.4043404417188401,65.6,1.1,"CHECK_SENSOR_CONNECTION, SENSOR_LOW_OUTPUT"
SP-025,Plymouth,OH,1.0,1069.2,90,58,1,58,0,2,1,84,0.04819063624341936,0.23420147076045877,0.28093057576517944,0.24486919233952212,64.4,1.1,"CHECK_SENSOR_CONNECTION, SENSOR_LOW_OUTPUT"
SP-045,193 Whites Path,MA,1.0,289.94,90,58,1,57,0,2,1,61,0.03191024158729831,0.1471031291042168,0.3488392294081412,0.3898276177076622,64.4,1.1,"CHECK_SENSOR_CONNECTION, SENSOR_LOW_OUTPUT"
SP-060,640 Iyannough,MA,1.0,126.2,90,59,1,57,0,1,1,88,0.052136164259527266,0.2849628280518432,0.34569016016276005,3.213693370077342,65.6,1.1,"CHECK_SENSOR_CONNECTION, SENSOR_LOW_OUTPUT"
SP-041,112-128 Great Western,MA,1.0,459.8,90,51,1,51,0,3,1,79,0.052387107395724976,0.2123938701431231,0.26126945074133556,0.4149233496377112,56.7,1.1,"CHECK_SENSOR_CONNECTION, SENSOR_LOW_OUTPUT"
SP-177,Sussex Ave (Newark),NJ,1.0,270.36,90,59,1,58,0,1,1,1,0.03603468323081325,0.23088224884725358,1.338213892588634,1.891884289809355,65.6,1.1,"CHECK_SENSOR_CONNECTION, SENSOR_LOW_OUTPUT"
SP-469A,(Pebble) Bethlehem East,NY,2.0,2445.0,90,0,1,0,3,14,1,84,2.5958174352575205,1.8192442578398997,0.10734220954389412,0.2523759833248592,0.0,1.1,SENSOR_HIGH_OUTPUT_OR_WRONG_TYPE
SP-359,GP - Valdosta Tech,GA,1.0,499.9,90,0,1,0,0,0,1,0,0.4556284167096441,,0.7405193211009884,0.11937389767593776,0.0,1.1,SENSOR_LOW_OUTPUT
SP-169,Elliott St (Newark),NJ,1.0,416.34,90,58,1,57,0,0,1,0,0.007724562849269913,0.0588285180020253,2.107175858782417,,64.4,1.1,"CHECK_SENSOR_CONNECTION, SENSOR_LOW_OUTPUT"
SP-147,Blue Hen,DE,1.0,1986.48,90,56,1,56,0,2,1,18,0.036249561845156715,0.15487866733260497,0.6830151238995181,0.21640933013048208,62.2,1.1,"CHECK_SENSOR_CONNECTION, SENSOR_LOW_OUTPUT"
SP-143,1490 Central,MA,1.0,803.25,90,59,1,58,0,2,1,82,0.03059554476676944,0.16688165412170866,0.09830971801798503,0.2522648862745086,65.6,1.1,"CHECK_SENSOR_CONNECTION, SENSOR_LOW_OUTPUT"
SP-283,Sycamore,OH,1.0,1558.7,90,59,1,59,0,1,1,27,0.0879026555876571,0.5938774839371219,0.598277681909282,0.3250807648427788,65.6,1.1,"CHECK_SENSOR_CONNECTION, SENSOR_LOW_OUTPUT"
SP-219,2050 E. 55th Street,CA,1.0,510.3,90,37,1,37,0,1,1,45,0.016536228792461406,0.08753086486141948,0.4409830454849422,0.46453550483294265,41.1,1.1,"INTERMITTENT_SENSOR, SENSOR_LOW_OUTPUT"
SP-292,Diocese of Metuchen,NJ,1.0,484.92,90,60,1,59,0,1,1,55,0.022066496018701285,0.11912200133367078,0.4075915745130823,0.3324701483232891,66.7,1.1,"CHECK_SENSOR_CONNECTION, SENSOR_LOW_OUTPUT"
SP-298,Crowne Plaza,NJ,1.0,2180.7,90,59,1,58,0,0,1,24,0.04393883914567144,0.290685399996623,0.6888721741772048,0.37442596557201974,65.6,1.1,"CHECK_SENSOR_CONNECTION, SENSOR_LOW_OUTPUT"
SP-085F,KSU-Salem,OH,1.0,616.2,90,14,1,14,0,1,1,60,0.076985234678314,0.2794876296856845,0.366372921673086,0.5997431881504295,15.6,1.1,SENSOR_LOW_OUTPUT
SP-336,Roosevelt Trail,ME,1.0,1658.8,90,15,1,15,0,2,1,31,0.12964998804563538,0.41598717348186265,0.6211465194711101,0.3064532664302467,16.7,1.1,SENSOR_LOW_OUTPUT
SP-216,3200 E Washington,CA,1.0,816.5,90,35,1,36,0,0,1,49,0.004183645687367147,0.01847916063857994,0.49114433211129804,1.150617079777256,38.9,1.1,"INTERMITTENT_SENSOR, SENSOR_LOW_OUTPUT"
SP-338,Coty Cosmetics - Dynamic 2023 Portfolio,MD,1.0,1150.2,90,59,1,58,0,1,1,31,0.026497955688281203,0.12366083997520536,0.6572894361962972,0.4746904951387942,65.6,1.1,"CHECK_SENSOR_CONNECTION, SENSOR_LOW_OUTPUT"
SP-346,City of Lexington,NE,1.0,3906.0,90,0,1,0,1,0,1,5,7.804901830282862,,0.6217243682415575,0.14606163829662974,0.0,1.1,SENSOR_HIGH_OUTPUT_OR_WRONG_TYPE
SP-351,GP - Boston Gin,GA,1.0,998.4,90,59,1,59,0,1,1,0,0.014615973764093777,0.09708776683321127,0.9893383055258507,0.5123429636079608,65.6,1.1,"CHECK_SENSOR_CONNECTION, SENSOR_LOW_OUTPUT"
SP-239,3100 Washington,CA,1.0,583.2,90,44,1,45,0,0,1,41,0.01070937666518128,0.053505112881894266,0.47300348903540845,0.9446125194634063,48.9,1.1,"INTERMITTENT_SENSOR, SENSOR_LOW_OUTPUT"
SP-107,Colton,CA,1.0,3316.71,90,59,1,58,0,1,1,1,0.012599671434867973,0.0967799126664777,0.893226885852791,0.16688172323182612,65.6,1.1,"CHECK_SENSOR_CONNECTION, SENSOR_LOW_OUTPUT"
SP-160,Abington Ave (Newark),NJ,1.0,115.56,90,59,1,58,0,0,1,0,0.007471546926385024,0.05739004090360308,1.6569249999436375,,65.6,1.1,"CHECK_SENSOR_CONNECTION, SENSOR_LOW_OUTPUT"
SP-389B,TD05B - St. Gabriel Church,NJ,1.0,79.36,90,0,1,1,0,1,1,71,0.42809567068106313,0.3320407385945067,0.37035507427513076,0.31076531626830217,0.0,1.1,SENSOR_LOW_OUTPUT
SP-409A,ChemGlass NJ - Building 1,NJ,1.0,434.16,90,12,1,12,0,2,1,35,0.1689406994775787,0.4981248889910006,0.595117638093884,0.36612279314013546,13.3,1.1,SENSOR_LOW_OUTPUT
SP-105,1070 Washington,MA,1.0,553.5,90,59,1,58,0,0,1,63,0.009119000592516987,0.049860145717050865,0.3643163903253624,0.38017542304033186,65.6,1.1,"CHECK_SENSOR_CONNECTION, SENSOR_LOW_OUTPUT"
SP-394,Unilever,NJ,1.0,396.52,90,0,1,1,0,1,1,63,0.48216287269412267,0.4052916862108885,0.308706851055422,0.43222757282146923,0.0,1.1,SENSOR_LOW_OUTPUT
SP-392C,TD09C - St. Leo Parish Center,NJ,1.0,53.95,90,0,1,1,0,1,1,56,0.37656599034435595,0.26376672476085106,0.41406722084700914,0.32009458548653136,0.0,1.1,SENSOR_LOW_OUTPUT
SP-102,10300 Campus,CA,1.0,239.02,90,59,1,58,0,2,1,3,0.029583374869266394,0.16274802137044891,0.9705879766606907,0.25221420213647106,65.6,1.1,"CHECK_SENSOR_CONNECTION, SENSOR_LOW_OUTPUT"
SP-392A,TD09A - St. Leo The Great,NJ,1.0,249.6,90,0,1,0,0,0,1,88,0.21303454545454548,,0.3189116480138163,0.21048043517445553,0.0,1.1,SENSOR_LOW_OUTPUT
SP-389C,TD05C - St. Gabriel Rectory,NJ,1.0,33.28,90,0,1,0,0,0,1,40,0.37731077212861885,0.009634969628978396,0.5194718875720666,0.33074925781931486,0.0,1.1,SENSOR_LOW_OUTPUT
SP-106,207 Moonachie,NJ,1.0,173.88,90,59,1,58,0,2,1,50,0.03158254344496079,0.1478127346785669,0.43412187109078376,0.40217128871840874,65.6,1.1,"CHECK_SENSOR_CONNECTION, SENSOR_LOW_OUTPUT"
SP-194,Mount Vernon (Newark),NJ,1.0,135.0,90,59,1,58,0,0,1,0,0.041861286015335855,0.27639412109010136,1.533649312407245,1.4595511966578865,65.6,1.1,"CHECK_SENSOR_CONNECTION, SENSOR_LOW_OUTPUT"
SP-173,John F Kennedy (Newark),NJ,1.0,247.86,90,59,1,58,0,0,0,0,0.0,0.0,,,65.6,0.0,"CHECK_SENSOR_CONNECTION, SENSOR_LOW_OUTPUT"
SP-018B,Morris Knolls,NJ,1.0,975.38,90,59,1,59,0,0,0,60,0.0379341078303712,0.2777548080141148,0.32568285780357425,0.3230189705378418,65.6,0.0,"CHECK_SENSOR_CONNECTION, SENSOR_LOW_OUTPUT"
SP-580,(Pebble) St Stephens,CA,2.0,72.0,90,0,1,2,0,0,0,89,0.12754145786109164,0.09455662681434464,0.0,0.0,0.0,0.0,SENSOR_LOW_OUTPUT
SP-581,(Pebble) Our Lady of Angels Church,CA,2.0,50.0,90,0,1,1,0,0,0,89,0.19718148148148149,,0.0,0.0,0.0,0.0,SENSOR_LOW_OUTPUT
SP-023,BVD-PLT,MA,1.0,319.68,90,59,1,58,0,2,0,72,0.033570537979275325,0.1550770187524162,0.19960557724933126,0.30895398044513267,65.6,0.0,"CHECK_SENSOR_CONNECTION, SENSOR_LOW_OUTPUT"
SP-591,(Pebble) St. Lucy's Priory High School,CA,2.0,130.0,90,0,1,0,0,0,0,89,0.200900145137881,,0.0,0.0,0.0,0.0,SENSOR_LOW_OUTPUT
SP-201,Regional Day (Newark),NJ,1.0,174.96,90,59,1,58,0,0,0,0,0.0,0.0,,,65.6,0.0,"CHECK_SENSOR_CONNECTION, SENSOR_LOW_OUTPUT"
SP-214,1 Commercial,MA,1.0,1151.82,90,59,1,58,0,1,0,89,0.055306496692891616,0.2879339889962283,0.0,0.0,65.6,0.0,"CHECK_SENSOR_CONNECTION, SENSOR_LOW_OUTPUT"
SP-013,St. Mary's High School,CA,1.0,502.68,90,59,1,58,0,2,0,6,0.06062622103303862,0.30776441413827826,0.7337835177084746,0.14498894657771993,65.6,0.0,"CHECK_SENSOR_CONNECTION, SENSOR_LOW_OUTPUT"
SP-126B,Hammonton - High School,NJ,1.0,1657.92,90,60,1,59,0,1,0,8,0.010840713044110117,0.07571360500581617,0.8556207300659039,0.265959730133349,66.7,0.0,"CHECK_SENSOR_CONNECTION, SENSOR_LOW_OUTPUT"
SP-247,2100 E. 55th Street,CA,1.0,575.64,90,0,1,0,0,0,0,82,0.2376172391017173,,0.047242272634180425,0.15814278032400353,0.0,0.0,SENSOR_LOW_OUTPUT
SP-257,Fort Totten Aggregate Industries,DC,1.0,347.76,90,59,1,59,0,2,0,28,0.026375106641860553,0.13158360738273459,0.6097107849298039,0.21023260065299781,65.6,0.0,"CHECK_SENSOR_CONNECTION, SENSOR_LOW_OUTPUT"
SP-569,(Pebble) El Camino Irrigation District,CA,2.0,360.0,90,0,1,0,0,0,0,69,2.017546756529065,,0.35998296969691906,0.22051310601019591,0.0,0.0,SENSOR_HIGH_OUTPUT_OR_WRONG_TYPE
SP-260,Hamilton (Lowes),NJ,1.0,1336.68,90,59,1,58,0,3,0,53,0.04395084319500551,0.1975047923166761,0.41927596851609644,0.3875084563392612,65.6,0.0,"CHECK_SENSOR_CONNECTION, SENSOR_LOW_OUTPUT"
SP-285,Legends,MD,1.0,625.5,90,59,1,59,0,2,0,26,0.02923958847428433,0.1534686827818925,0.6473678710414879,0.3985642632507065,65.6,0.0,"CHECK_SENSOR_CONNECTION, SENSOR_LOW_OUTPUT"
SP-114,225 Arlington,MA,1.0,223.28,90,59,1,58,0,3,0,62,0.0437336783398013,0.2059644051408339,0.320137111593062,0.32789846074813983,65.6,0.0,"CHECK_SENSOR_CONNECTION, SENSOR_LOW_OUTPUT"
SP-113,427 Turnpike,MA,1.0,634.32,90,59,1,58,0,0,0,66,0.0,0.0,0.3055875492971367,0.280302155871766,65.6,0.0,"CHECK_SENSOR_CONNECTION, SENSOR_LOW_OUTPUT"
SP-536,(Pebble) Kennebunk Site,ME,2.0,4090.0,90,0,1,0,0,0,0,49,3.4747534246575342,,0.4062328812969683,0.3136331391919904,0.0,0.0,SENSOR_HIGH_OUTPUT_OR_WRONG_TYPE
SP-054,PF-Chicago 3,IL,1.0,2107.9,90,59,1,58,0,2,0,26,0.07508066364766139,0.40551078892217185,0.6128541136623026,0.23475851932916136,65.6,0.0,"CHECK_SENSOR_CONNECTION, SENSOR_LOW_OUTPUT"
SP-360,GP - Waldrep Christian,GA,1.0,1000.0,90,59,1,58,0,1,0,0,0.014513948133328299,0.1114837509891002,0.9733719408956368,0.10146607031610692,65.6,0.0,"CHECK_SENSOR_CONNECTION, SENSOR_LOW_OUTPUT"
SP-061,698 Commercial,MA,1.0,432.44,90,58,1,57,0,3,0,28,0.04643348365748523,0.21017364434265493,0.6073706049064371,0.263067782352011,64.4,0.0,"CHECK_SENSOR_CONNECTION, SENSOR_LOW_OUTPUT"
SP-066A,Lakewood - City Hall,OH,1.0,72.3,90,59,1,58,0,2,0,52,0.10932453467186921,0.5452831268172101,0.4338625655456418,0.2512360278271692,65.6,0.0,"CHECK_SENSOR_CONNECTION, SENSOR_LOW_OUTPUT"
SP-371,Cuyahoga County,OH,1.0,3996.23,90,4,1,5,0,2,0,48,0.442171484198468,0.6983232271613609,0.3923423264228041,0.3135459586961798,4.4,0.0,SENSOR_LOW_OUTPUT
SP-484B,"(Pebble) Oneida DG Solar, LLC West",NY,2.0,2590.0,90,0,1,0,6,5,0,89,3.6824880216195566,2.5576745727576946,2.235579992681504e-05,0.0002109041947016055,0.0,0.0,SENSOR_HIGH_OUTPUT_OR_WRONG_TYPE
SP-375,Hormel Lathrop,CA,1.0,739.26,90,59,1,58,0,1,0,2,0.027966966925659153,0.1885693649805134,0.8909152239613529,0.17092507978993457,65.6,0.0,"CHECK_SENSOR_CONNECTION, SENSOR_LOW_OUTPUT"
SP-352,GP - Denver Braswell,GA,1.0,1997.0,90,59,1,58,0,2,0,0,0.027831026032128423,0.15118143268112746,0.9556043743494922,0.0921704459703409,65.6,0.0,"CHECK_SENSOR_CONNECTION, SENSOR_LOW_OUTPUT"
